{"cameraMode":{"drawMode":0,"name":"Shaded","section":"Shading Mode"},"sceneLighting":true,"audioPlay":false,"sceneViewState":{"m_AlwaysRefresh":false,"showFog":true,"showSkybox":true,"showFlares":true,"showImageEffects":true,"showParticleSystems":true,"showVisualEffectGraphs":true,"m_FxEnabled":true},"in2DMode":false,"pivot":{"x":-4.289999961853027,"y":0.48000001907348635,"z":4.03000020980835},"rotation":{"x":0.02766980603337288,"y":-0.9719504117965698,"z":0.17837199568748475,"w":0.15077315270900727},"size":7.485637187957764,"orthographic":true}